{
  "virus": {
    "precision": 1.0,
    "recall": 0.4,
    "f1-score": 0.5714285714285715,
    "support": 5
  },
  "geography": {
    "precision": 1.0,
    "recall": 1.0,
    "f1-score": 1.0,
    "support": 27
  },
  "world_region": {
    "precision": 1.0,
    "recall": 1.0,
    "f1-score": 1.0,
    "support": 14
  },
  "country_code": {
    "precision": 0.9993654822335025,
    "recall": 0.9868421052631579,
    "f1-score": 0.9930643127364438,
    "support": 1596
  },
  "micro avg": {
    "precision": 0.9993823347745522,
    "recall": 0.9853836784409257,
    "f1-score": 0.9923336399877337,
    "support": 1642
  },
  "macro avg": {
    "precision": 0.9998413705583756,
    "recall": 0.8467105263157895,
    "f1-score": 0.8911232210412539,
    "support": 1642
  },
  "weighted avg": {
    "precision": 0.9993832580052802,
    "recall": 0.9853836784409257,
    "f1-score": 0.991953584643427,
    "support": 1642
  }
}