{
  "virus": {
    "precision": 1.0,
    "recall": 1.0,
    "f1-score": 1.0,
    "support": 5
  },
  "geography": {
    "precision": 1.0,
    "recall": 1.0,
    "f1-score": 1.0,
    "support": 27
  },
  "world_region": {
    "precision": 1.0,
    "recall": 1.0,
    "f1-score": 1.0,
    "support": 14
  },
  "country_code": {
    "precision": 1.0,
    "recall": 0.9867768595041322,
    "f1-score": 0.9933444259567388,
    "support": 1210
  },
  "micro avg": {
    "precision": 1.0,
    "recall": 0.9872611464968153,
    "f1-score": 0.9935897435897436,
    "support": 1256
  },
  "macro avg": {
    "precision": 1.0,
    "recall": 0.996694214876033,
    "f1-score": 0.9983361064891847,
    "support": 1256
  },
  "weighted avg": {
    "precision": 1.0,
    "recall": 0.9872611464968153,
    "f1-score": 0.9935881810570493,
    "support": 1256
  }
}